,selling_price
0,450000
1,370000
2,225000
3,130000
4,440000
5,96000
6,45000
7,350000
8,200000
9,500000
10,92000
11,280000
12,200000
13,180000
14,400000
15,500000
16,150000
17,680000
18,174000
19,950000
20,525000
21,600000
22,575000
23,275000
24,300000
25,220000
26,254999
27,670000
28,70000
29,150000
30,650000
31,330000
32,366000
33,1149000
34,150000
35,425000
36,150000
37,2100000
38,925000
39,425000
40,819999
41,390000
42,1500000
43,700000
44,1450000
45,425000
46,1090000
47,600000
48,525000
49,1650000
50,950000
51,1750000
52,1689999
53,1425000
54,265000
55,190000
56,425000
57,630000
58,600000
59,650000
60,540000
61,630000
62,448000
63,500000
64,1025000
65,630000
66,1700000
67,450000
68,450000
69,50000
70,450000
71,1200000
72,610000
73,2500000
74,484999
75,275000
76,315000
77,275000
78,475000
79,290000
80,280000
81,225000
82,455000
83,351000
84,535000
85,175000
86,525000
87,600000
88,565000
89,120000
90,725000
91,185000
92,200000
93,615000
94,610000
95,625000
96,400000
97,866000
98,700000
99,1700000
100,375000
101,522000
102,451999
103,300000
104,475000
105,780000
106,595000
107,300000
108,400000
109,1140000
110,370000
111,350000
112,360000
113,105000
114,135000
115,700000
116,690000
117,3975000
118,5150000
119,3200000
120,4500000
121,6000000
122,3790000
123,2150000
124,5800000
125,1864999
126,2700000
127,1750000
128,625000
129,3400000
130,2650000
131,535000
132,5850000
133,975000
134,2625000
135,811000
136,375000
137,550000
138,645000
139,2550000
140,2700000
141,875000
142,894999
143,175000
144,340000
145,1025000
146,2150000
147,1900000
148,2900000
149,450000
150,850000
151,10000000
152,575000
153,160000
154,515000
155,390000
156,550000
157,40000
158,220000
159,425000
160,480000
161,487000
162,386000
163,100000
164,300000
165,100000
166,1750000
167,450000
168,490000
169,345000
170,85000
171,65000
172,800000
173,520000
174,580000
175,235000
176,600000
177,360000
178,550000
179,40000
180,420000
181,550000
182,700000
183,500000
184,1250000
185,320000
186,700000
187,290000
188,550000
189,830000
190,800000
191,329000
192,775000
193,524000
194,245000
195,275000
196,520000
197,130000
198,550000
199,910000
200,350000
201,900000
202,300000
203,250000
204,1100000
205,270000
206,640000
207,650000
208,409999
209,165000
210,80000
211,535000
212,700000
213,550000
214,680000
215,200000
216,500000
217,1000000
218,110000
219,320000
220,75000
221,350000
222,170000
223,800000
224,500000
225,1380000
226,1300000
227,530000
228,360000
229,310000
230,725000
231,340000
232,550000
233,380000
234,350000
235,610000
236,525000
237,480000
238,780000
239,320000
240,375000
241,300000
242,500000
243,404000
244,350000
245,380000
246,335000
247,465000
248,290000
249,110000
250,210000
251,4600000
252,220000
253,450000
254,290000
255,265000
256,330000
257,509999
258,500000
259,525000
260,675000
261,300000
262,90000
263,409000
264,395000
265,215000
266,120000
267,645000
268,81000
269,1300000
270,1250000
271,535000
272,555000
273,725000
274,300000
275,229999
276,800000
277,409999
278,1210000
279,400000
280,520000
281,650000
282,325000
283,420000
284,65000
285,351000
286,404000
287,185000
288,250000
289,60000
290,500000
291,85000
292,85000
293,85000
294,130000
295,480000
296,170000
297,275000
298,89000
299,170000
300,1100000
301,610000
302,335000
303,3000000
304,390000
305,325000
306,640000
307,450000
308,400000
309,215000
310,570000
311,680000
312,325000
313,150000
314,690000
315,64000
316,250000
317,65000
318,550000
319,300000
320,800000
321,503000
322,225000
323,740000
324,550000
325,750000
326,650000
327,625000
328,600000
329,450000
330,5500000
331,779000
332,2475000
333,265000
334,500000
335,480000
336,535000
337,250000
338,300000
339,340000
340,240000
341,1085000
342,750000
343,95000
344,409999
345,215000
346,1290000
347,150000
348,325000
349,260000
350,3800000
351,700000
352,950000
353,160000
354,409999
355,840000
356,450000
357,900000
358,570000
359,254999
360,130000
361,530000
362,520000
363,229999
364,81000
365,600000
366,409999
367,292000
368,390000
369,550000
370,385000
371,800000
372,675000
373,1525000
374,950000
375,610000
376,525000
377,375000
378,580000
379,434999
380,350000
381,730000
382,1050000
383,735000
384,1050000
385,420000
386,800000
387,2000000
388,600000
389,1900000
390,500000
391,200000
392,370000
393,260000
394,610000
395,300000
396,140000
397,229999
398,200000
399,200000
400,560000
401,750000
402,585000
403,760000
404,430000
405,480000
406,643000
407,500000
408,425000
409,250000
410,285000
411,160000
412,250000
413,409999
414,400000
415,700000
416,350000
417,660000
418,268000
419,300000
420,450000
421,220000
422,250000
423,300000
424,88000
425,561000
426,755000
427,165000
428,190000
429,110000
430,320000
431,330000
432,540000
433,270000
434,450000
435,450000
436,200000
437,400000
438,125000
439,1600000
440,900000
441,450000
442,801000
443,317000
444,330000
445,160000
446,120000
447,220000
448,229999
449,340000
450,200000
451,140000
452,1000000
453,495000
454,236000
455,275000
456,775000
457,1800000
458,750000
459,580000
460,484999
461,700000
462,415000
463,325000
464,550000
465,300000
466,217000
467,700000
468,484999
469,670000
470,500000
471,675000
472,220000
473,630000
474,250000
475,525000
476,204999
477,1100000
478,480000
479,605000
480,250000
481,245000
482,210000
483,730000
484,500000
485,280000
486,561000
487,950000
488,375000
489,700000
490,375000
491,270000
492,225000
493,1350000
494,200000
495,1500000
496,580000
497,337000
498,175000
499,180000
500,200000
501,260000
502,350000
503,409999
504,655000
505,370000
506,200000
507,800000
508,550000
509,300000
510,196000
511,135000
512,299000
513,300000
514,720000
515,300000
516,750000
517,260000
518,600000
519,275000
520,250000
521,420000
522,235000
523,1100000
524,360000
525,380000
526,650000
527,350000
528,700000
529,270000
530,450000
531,630000
532,270000
533,135000
534,275000
535,2000000
536,634000
537,235000
538,275000
539,700000
540,400000
541,215000
542,150000
543,950000
544,730000
545,350000
546,535000
547,455000
548,655000
549,800000
550,1100000
551,3000000
552,1225000
553,340000
554,300000
555,370000
556,330000
557,238000
558,72000
559,200000
560,320000
561,114999
562,210000
563,200000
564,135000
565,350000
566,680000
567,200000
568,300000
569,270000
570,225000
571,250000
572,590000
573,290000
574,395000
575,195000
576,270000
577,600000
578,715000
579,875000
580,420000
581,325000
582,385000
583,300000
584,300000
585,80000
586,400000
587,168000
588,550000
589,300000
590,320000
591,320000
592,280000
593,500000
594,380000
595,340000
596,160000
597,750000
598,531000
599,300000
600,350000
601,150000
602,1625000
603,140000
604,250000
605,85000
606,450000
607,170000
608,360000
609,390000
610,145000
611,540000
612,290000
613,300000
614,441000
615,50000
616,180000
617,200000
618,85000
619,700000
620,275000
621,600000
622,250000
623,600000
624,200000
625,420000
626,321000
627,350000
628,490000
629,680000
630,298000
631,80000
632,400000
633,1075000
634,500000
635,650000
636,80000
637,290000
638,220000
639,229999
640,150000
641,500000
642,720000
643,100000
644,810000
645,165000
646,409999
647,430000
648,300000
649,350000
650,400000
651,420000
652,430000
653,210000
654,600000
655,150000
656,550000
657,320000
658,80000
659,800000
660,500000
661,229999
662,630000
663,190000
664,450000
665,95000
666,101000
667,500000
668,1019999
669,244000
670,250000
671,660000
672,270000
673,280000
674,1050000
675,525000
676,850000
677,1165000
678,345000
679,95000
680,241000
681,615000
682,350000
683,380000
684,220000
685,125000
686,360000
687,550000
688,200000
689,327000
690,425000
691,620000
692,130000
693,120000
694,204999
695,625000
696,150000
697,220000
698,576000
699,265000
700,50000
701,300000
702,420000
703,750000
704,165000
705,290000
706,160000
707,695000
708,231000
709,1050000
710,400000
711,150000
712,400000
713,120000
714,480000
715,200000
716,300000
717,350000
718,580000
719,750000
720,261000
721,320000
722,204999
723,150000
724,625000
725,900000
726,180000
727,421000
728,900000
729,165000
730,270000
731,750000
732,750000
733,395000
734,800000
735,315000
736,1600000
737,409999
738,280000
739,130000
740,260000
741,710000
742,204999
743,300000
744,180000
745,700000
746,320000
747,1040000
748,750000
749,600000
750,550000
751,550000
752,750000
753,450000
754,400000
755,520000
756,199000
757,250000
758,200000
759,130000
760,90000
761,450000
762,280000
763,120000
764,290000
765,1000000
766,415000
767,240000
768,250000
769,220000
770,85000
771,675000
772,535000
773,675000
774,150000
775,90000
776,850000
777,305000
778,910000
779,1100000
780,150000
781,550000
782,350000
783,1745000
784,611000
785,400000
786,700000
787,300000
788,65000
789,200000
790,650000
791,650000
792,350000
793,75000
794,240000
795,180000
796,900000
797,425000
798,95000
799,811000
800,1100000
801,600000
802,550000
803,715000
804,300000
805,100000
806,500000
807,325000
808,220000
809,55000
810,330000
811,480000
812,950000
813,300000
814,170000
815,850000
816,900000
817,1325000
818,350000
819,425000
820,750000
821,450000
822,900000
823,350000
824,600000
825,1100000
826,950000
827,229999
828,409999
829,300000
830,175000
831,108000
832,425000
833,272000
834,1125000
835,388000
836,400000
837,760000
838,120000
839,757000
840,270000
841,250000
842,800000
843,1380000
844,700000
845,450000
846,650000
847,950000
848,626000
849,200000
850,600000
851,290000
852,215000
853,250000
854,250000
855,950000
856,793000
857,725000
858,480000
859,3750000
860,795000
861,625000
862,2900000
863,625000
864,440000
865,1400000
866,2700000
867,1925000
868,1900000
869,844999
870,650000
871,6000000
872,610000
873,1150000
874,1825000
875,385000
876,400000
877,550000
878,270000
879,200000
880,310000
881,700000
882,480000
883,90000
884,350000
885,350000
886,600000
887,650000
888,300000
889,254999
890,650000
891,280000
892,100000
893,575000
894,467000
895,225000
896,90000
897,80000
898,300000
899,260000
900,90000
901,280000
902,350000
903,229999
904,550000
905,850000
906,370000
907,180000
908,530000
909,610000
910,200000
911,265000
912,560000
913,430000
914,711000
915,511000
916,450000
917,325000
918,210000
919,140000
920,160000
921,650000
922,250000
923,320000
924,290000
925,163000
926,80000
927,600000
928,340000
929,750000
930,100000
931,395000
932,200000
933,450000
934,180000
935,190000
936,310000
937,351000
938,190000
939,225000
940,130000
941,1000000
942,55000
943,330000
944,166000
945,370000
946,720000
947,570000
948,210000
949,120000
950,95000
951,392000
952,150000
953,595000
954,833000
955,280000
956,180000
957,225000
958,1400000
959,550000
960,650000
961,730000
962,81000
963,170000
964,81000
965,95000
966,880000
967,200000
968,480000
969,480000
970,700000
971,850000
972,300000
973,650000
974,220000
975,400000
976,1030000
977,190000
978,140000
979,800000
980,229999
981,300000
982,140000
983,420000
984,300000
985,150000
986,204999
987,625000
988,280000
989,1050000
990,250000
991,535000
992,400000
993,610000
994,511000
995,451000
996,170000
997,375000
998,305000
999,315000
1000,250000
1001,200000
1002,400000
1003,509999
1004,375000
1005,150000
1006,75000
1007,465000
1008,700000
1009,950000
1010,610000
1011,60000
1012,235000
1013,472000
1014,500000
1015,360000
1016,649000
1017,200000
1018,240000
1019,400000
1020,250000
1021,1200000
1022,250000
1023,819999
1024,800000
1025,150000
1026,170000
1027,360000
1028,570000
1029,350000
1030,600000
1031,700000
1032,375000
1033,450000
1034,325000
1035,260000
1036,130000
1037,150000
1038,220000
1039,275000
1040,455000
1041,570000
1042,330000
1043,1576000
1044,450000
1045,250000
1046,165000
1047,800000
1048,525000
1049,825000
1050,750000
1051,950000
1052,675000
1053,490000
1054,350000
1055,475000
1056,950000
1057,350000
1058,400000
1059,75000
1060,175000
1061,570000
1062,270000
1063,434999
1064,495000
1065,600000
1066,700000
1067,565000
1068,250000
1069,409999
1070,495000
1071,470000
1072,350000
1073,1560000
1074,480000
1075,270000
1076,660000
1077,490000
1078,800000
1079,350000
1080,170000
1081,125000
1082,400000
1083,250000
1084,190000
1085,125000
1086,1950000
1087,1300000
1088,786000
1089,335000
1090,114999
1091,229999
1092,395000
1093,500000
1094,240000
1095,215000
1096,400000
1097,191000
1098,351000
1099,300000
1100,700000
1101,120000
1102,850000
1103,120000
1104,770000
1105,245000
1106,250000
1107,651000
1108,480000
1109,470000
1110,1075000
1111,690000
1112,589000
1113,480000
1114,450000
1115,770000
1116,700000
1117,560000
1118,475000
1119,465000
1120,520000
1121,225000
1122,700000
1123,93150
1124,403000
1125,229999
1126,525000
1127,830000
1128,250000
1129,450000
1130,745000
1131,144000
1132,120000
1133,300000
1134,475000
1135,45000
1136,775000
1137,700000
1138,869999
1139,155000
1140,550000
1141,600000
1142,430000
1143,120000
1144,565000
1145,850000
1146,160000
1147,450000
1148,310000
1149,250000
1150,420000
1151,330000
1152,405000
1153,400000
1154,409999
1155,500000
1156,80000
1157,135000
1158,45000
1159,650000
1160,400000
1161,350000
1162,350000
1163,459999
1164,185000
1165,550000
1166,300000
1167,900000
1168,900000
1169,550000
1170,625000
1171,310000
1172,500000
1173,610000
1174,150000
1175,480000
1176,650000
1177,290000
1178,300000
1179,270000
1180,400000
1181,280000
1182,250000
1183,3250000
1184,700000
1185,310000
1186,650000
1187,600000
1188,150000
1189,135000
1190,650000
1191,550000
1192,650000
1193,2900000
1194,450000
1195,430000
1196,1143000
1197,700000
1198,229999
1199,509999
1200,670000
1201,515000
1202,270000
1203,300000
1204,250000
1205,750000
1206,135000
1207,740000
1208,4100000
1209,1000000
1210,1000000
1211,550000
1212,600000
1213,675000
1214,950000
1215,850000
1216,925000
1217,625000
1218,635000
1219,590000
1220,350000
1221,575000
1222,1575000
1223,600000
1224,720000
1225,158000
1226,1575000
1227,580000
1228,1200000
1229,350000
1230,650000
1231,400000
1232,700000
1233,520000
1234,450000
1235,850000
1236,350000
1237,450000
1238,165000
1239,160000
1240,300000
1241,550000
1242,285000
1243,850000
1244,900000
1245,220000
1246,120000
1247,220000
1248,420000
1249,250000
1250,385000
1251,318000
1252,330000
1253,152000
1254,250000
1255,300000
1256,550000
1257,650000
1258,445000
1259,450000
1260,600000
1261,495000
1262,220000
1263,150000
1264,200000
1265,1465000
1266,285000
1267,250000
1268,600000
1269,500000
1270,270000
1271,420000
1272,434999
1273,400000
1274,470000
1275,480000
1276,105000
1277,325000
1278,675000
1279,170000
1280,1250000
1281,600000
1282,819999
1283,650000
1284,105000
1285,200000
1286,200000
1287,220000
1288,500000
1289,175000
1290,450000
1291,210000
1292,110000
1293,480000
1294,650000
1295,480000
1296,700000
1297,650000
1298,1300000
1299,1350000
1300,1000000
1301,1700000
1302,1080000
1303,170000
1304,610000
1305,350000
1306,700000
1307,678000
1308,400000
1309,300000
1310,520000
1311,850000
1312,830000
1313,430000
1314,850000
1315,650000
1316,120000
1317,730000
1318,525000
1319,600000
1320,500000
1321,150000
1322,409999
1323,290000
1324,500000
1325,475000
1326,190000
1327,750000
1328,525000
1329,495000
1330,321000
1331,585000
1332,225000
1333,500000
1334,350000
1335,756000
1336,240000
1337,80000
1338,800000
1339,1250000
1340,320000
1341,509999
1342,110000
1343,555000
1344,375000
1345,290000
1346,720000
1347,800000
1348,240000
1349,377000
1350,450000
1351,160000
1352,525000
1353,550000
1354,270000
1355,570000
1356,225000
1357,590000
1358,1675000
1359,800000
1360,450000
1361,300000
1362,645000
1363,520000
1364,700000
1365,45000
1366,459999
1367,325000
1368,350000
1369,440000
1370,320000
1371,169000
1372,350000
1373,350000
1374,310000
1375,150000
1376,420000
1377,685000
1378,560000
1379,470000
1380,380000
1381,670000
1382,749000
1383,899000
1384,290000
1385,869999
1386,350000
1387,500000
1388,400000
1389,220000
1390,190000
1391,400000
1392,170000
1393,60000
1394,300000
1395,125000
1396,130000
1397,500000
1398,170000
1399,310000
1400,130000
1401,465000
1402,160000
1403,800000
1404,260000
1405,500000
1406,325000
1407,400000
1408,3200000
1409,200000
1410,450000
1411,229999
1412,340000
1413,550000
1414,225000
1415,259000
1416,3200000
1417,1400000
1418,416000
1419,250000
1420,210000
1421,290000
1422,220000
1423,260000
1424,1050000
1425,550000
1426,450000
1427,773000
1428,450000
1429,409999
1430,600000
1431,250000
1432,70000
1433,430000
1434,675000
1435,570000
1436,850000
1437,640000
1438,250000
1439,1250000
1440,750000
1441,320000
1442,600000
1443,1000000
1444,110000
1445,250000
1446,600000
1447,120000
1448,65000
1449,150000
1450,170000
1451,100000
1452,599000
1453,250000
1454,570000
1455,440000
1456,300000
1457,300000
1458,500000
1459,660000
1460,256000
1461,409999
1462,1888000
1463,250000
1464,280000
1465,300000
1466,900000
1467,190000
1468,800000
1469,450000
1470,400000
1471,200000
1472,600000
1473,175000
1474,99000
1475,215000
1476,190000
1477,520000
1478,2280000
1479,285000
1480,660000
1481,31504
1482,515000
1483,295000
1484,700000
1485,1100000
1486,300000
1487,450000
1488,135000
1489,700000
1490,250000
1491,140000
1492,250000
1493,210000
1494,420000
1495,130000
1496,320000
1497,200000
1498,310000
1499,200000
1500,350000
1501,444000
1502,300000
1503,225000
1504,600000
1505,260000
1506,375000
1507,150000
1508,110000
1509,225000
1510,400000
1511,93000
1512,860000
1513,650000
1514,710000
1515,430000
1516,305000
1517,220000
1518,660000
1519,140000
1520,1100000
1521,2450000
1522,625000
1523,198000
1524,60000
1525,540000
1526,550000
1527,475000
1528,2825000
1529,2125000
1530,3350000
1531,1800000
1532,540000
1533,910000
1534,484999
1535,1950000
1536,365000
1537,900000
1538,919999
1539,1900000
1540,2950000
1541,1075000
1542,600000
1543,3200000
1544,2600000
1545,839000
1546,635000
1547,550000
1548,180000
1549,650000
1550,265000
1551,395000
1552,700000
1553,300000
1554,625000
1555,425000
1556,55000
1557,459999
1558,1594000
1559,300000
1560,484999
1561,161000
1562,500000
1563,350000
1564,550000
1565,850000
1566,240000
1567,950000
1568,423000
1569,90000
1570,350000
1571,170000
1572,450000
1573,75000
1574,511000
1575,250000
1576,420000
1577,180000
1578,400000
1579,500000
1580,1689999
1581,204999
1582,459999
1583,585000
1584,551000
1585,525000
1586,160000
1587,825000
1588,127000
1589,600000
1590,65000
1591,550000
1592,650000
1593,750000
1594,380000
1595,400000
1596,50000
1597,750000
1598,150000
1599,260000
1600,411000
1601,450000
1602,1300000
1603,351000
1604,550000
1605,1300000
1606,800000
1607,350000
1608,200000
1609,150000
1610,800000
1611,350000
1612,250000
1613,170000
1614,395000
1615,500000
1616,200000
1617,1200000
1618,400000
1619,650000
1620,550000
1621,254999
1622,180000
1623,160000
1624,225000
1625,270000
1626,225000
1627,300000
1628,250000
1629,180000
1630,550000
1631,300000
1632,900000
1633,1530000
1634,590000
1635,170000
1636,2600000
1637,475000
1638,700000
1639,100000
1640,440000
1641,725000
1642,325000
1643,170000
1644,215000
1645,350000
1646,80000
1647,280000
1648,335000
1649,475000
1650,484999
1651,650000
1652,1850000
1653,700000
1654,3000000
1655,900000
1656,350000
1657,285000
1658,1850000
1659,750000
1660,1650000
1661,600000
1662,565000
1663,86000
1664,329000
1665,650000
1666,822000
1667,345000
1668,30000
1669,330000
1670,300000
1671,200000
1672,90000
1673,200000
1674,550000
1675,250000
1676,975000
1677,900000
1678,610000
1679,620000
1680,400000
1681,500000
1682,200000
1683,252000
1684,280000
1685,509999
1686,1050000
1687,200000
1688,320000
1689,520000
1690,250000
1691,725000
1692,235000
1693,350000
1694,131000
1695,450000
1696,750000
1697,125000
1698,500000
1699,380000
1700,128000
1701,250000
1702,560000
1703,120000
1704,400000
1705,200000
1706,300000
1707,315000
1708,220000
1709,130000
1710,595000
1711,680000
1712,530000
1713,610000
1714,500000
1715,500000
1716,325000
1717,550000
1718,720000
1719,950000
1720,350000
1721,500000
1722,380000
1723,380000
1724,295000
1725,640000
1726,790000
1727,625000
1728,604000
1729,950000
1730,400000
1731,700000
1732,700000
1733,260000
1734,200000
1735,580000
1736,330000
1737,400000
1738,1350000
1739,250000
1740,725000
1741,300000
1742,120000
1743,1175000
1744,400000
1745,140000
1746,110000
1747,550000
1748,150000
1749,265000
1750,300000
1751,280000
1752,130000
1753,350000
1754,200000
1755,550000
1756,400000
1757,170000
1758,600000
1759,130000
1760,120000
1761,100000
1762,35000
1763,200000
1764,270000
1765,509999
1766,409999
1767,130000
1768,225000
1769,256999
1770,775000
1771,420000
1772,480000
1773,200000
1774,260000
1775,210000
1776,600000
1777,130000
1778,195000
1779,210000
1780,130000
1781,141000
1782,280000
1783,350000
1784,550000
1785,120000
1786,320000
1787,300000
1788,250000
1789,120000
1790,151000
1791,300000
1792,577000
1793,229999
1794,500000
1795,840000
1796,900000
1797,650000
1798,650000
1799,550000
1800,250000
1801,350000
1802,185000
1803,1000000
1804,490000
1805,150000
1806,600000
1807,270000
1808,60000
1809,150000
1810,525000
1811,83000
1812,350000
1813,300000
1814,250000
1815,700000
1816,250000
1817,350000
1818,80000
1819,850000
1820,70000
1821,90000
1822,600000
1823,135000
1824,150000
1825,246000
1826,240000
1827,215000
1828,310000
1829,220000
1830,195000
1831,650000
1832,350000
1833,360000
1834,550000
1835,490000
1836,195000
1837,459999
1838,275000
1839,680000
1840,600000
1841,720000
1842,295000
1843,356000
1844,225000
1845,725000
1846,300000
1847,400000
1848,550000
1849,120000
1850,409999
1851,110000
1852,450000
1853,610000
1854,515000
1855,925000
1856,860000
1857,225000
1858,500000
1859,600000
1860,265000
1861,650000
1862,600000
1863,340000
1864,350000
1865,265000
1866,625000
1867,245000
1868,395000
1869,190000
1870,490000
1871,450000
1872,955000
1873,525000
1874,550000
1875,200000
1876,500000
1877,825000
1878,250000
1879,600000
1880,1325000
1881,415000
1882,825000
1883,310000
1884,390000
1885,700000
1886,1050000
1887,200000
1888,245000
1889,50000
1890,700000
1891,660000
1892,630000
1893,950000
1894,740000
1895,570000
1896,450000
1897,390000
1898,180000
1899,270000
1900,60000
1901,170000
1902,978999
1903,490000
1904,280000
1905,45000
1906,640000
1907,650000
1908,500000
1909,90000
1910,480000
1911,630000
1912,250000
1913,330000
1914,180000
1915,550000
1916,950000
1917,430000
1918,90000
1919,150000
1920,1250000
1921,600000
1922,65000
1923,220000
1924,220000
1925,110000
1926,175000
1927,160000
1928,65000
1929,60000
1930,120000
1931,1000000
1932,220000
1933,105000
1934,114999
1935,110000
1936,850000
1937,750000
1938,265000
1939,450000
1940,225000
1941,1125000
1942,130000
1943,660000
1944,240000
1945,275000
1946,750000
1947,65000
1948,850000
1949,300000
1950,825000
1951,185000
1952,180000
1953,160000
1954,500000
1955,375000
1956,900000
1957,459999
1958,370000
1959,80000
1960,75000
1961,400000
1962,250000
1963,425000
1964,350000
1965,600000
1966,120000
1967,200000
1968,100000
1969,350000
1970,399000
1971,580000
1972,290000
1973,380000
1974,200000
1975,390000
1976,500000
1977,650000
1978,380000
1979,275000
1980,520000
1981,85000
1982,490000
1983,229999
1984,411000
1985,362000
1986,550000
1987,459999
1988,499000
1989,278000
1990,580000
1991,825000
1992,170000
1993,1700000
1994,490000
1995,1050000
1996,210000
1997,1250000
1998,320000
1999,400000
2000,320000
2001,600000
2002,170000
2003,240000
2004,320000
2005,620000
2006,550000
2007,600000
2008,649000
2009,125000
2010,305000
2011,600000
2012,426000
2013,180000
2014,400000
2015,120000
2016,300000
2017,190000
2018,310000
2019,260000
2020,320000
2021,211000
2022,650000
2023,651000
2024,160000
2025,1270000
2026,300000
2027,405000
2028,850000
2029,680000
2030,426999
2031,869999
2032,160000
2033,700000
2034,300000
2035,960000
2036,525000
2037,345000
2038,390000
2039,275000
2040,310000
2041,500000
2042,200000
2043,650000
2044,1031000
2045,330000
2046,250000
2047,600000
2048,375000
2049,55000
2050,611000
2051,275000
2052,185000
2053,390000
2054,72000
2055,90000
2056,500000
2057,200000
2058,1575000
2059,511000
2060,150000
2061,1500000
2062,1050000
2063,300000
2064,120000
2065,170000
2066,320000
2067,350000
2068,500000
2069,135000
2070,340000
2071,330000
2072,350000
2073,1850000
2074,400000
2075,325000
2076,1000000
2077,350000
2078,500000
2079,550000
2080,925000
2081,509999
2082,250000
2083,500000
2084,1050000
2085,415000
2086,190000
2087,680000
2088,479000
2089,170000
2090,710000
2091,1500000
2092,450000
2093,2199000
2094,3600000
2095,285000
2096,465000
2097,1100000
2098,350000
2099,600000
2100,570000
2101,325000
2102,975000
2103,480000
2104,185000
2105,1050000
2106,760000
2107,570000
2108,130000
2109,700000
2110,775000
2111,750000
2112,140000
2113,220000
2114,184000
2115,210000
2116,650000
2117,660000
2118,380000
2119,225000
2120,600000
2121,620000
2122,750000
2123,110000
2124,119000
2125,600000
2126,200000
2127,280000
2128,375000
2129,570000
2130,290000
2131,711000
2132,370000
2133,550000
2134,325000
2135,670000
2136,385000
2137,114999
2138,200000
2139,600000
2140,265000
2141,155000
2142,900000
2143,650000
2144,70000
2145,200000
2146,300000
2147,650000
2148,450000
2149,400000
2150,310000
2151,350000
2152,185000
2153,250000
2154,135000
2155,300000
2156,509999
2157,575000
2158,700000
2159,105000
2160,60000
2161,112999
2162,229999
2163,325000
2164,85000
2165,570000
2166,525000
2167,350000
2168,250000
2169,300000
2170,1325000
2171,650000
2172,520000
2173,220000
2174,650000
2175,819999
2176,645000
2177,215000
2178,114999
2179,75000
2180,120000
2181,250000
2182,380000
2183,560000
2184,575000
2185,620000
2186,525000
2187,635000
2188,650000
2189,39000
2190,550000
2191,145000
2192,130000
2193,825000
2194,1650000
2195,875000
2196,650000
2197,2800000
2198,3900000
2199,246000
2200,325000
2201,1450000
2202,850000
2203,560000
2204,221000
2205,680000
2206,700000
2207,1950000
2208,875000
2209,850000
2210,480000
2211,1050000
2212,631000
2213,165000
2214,320000
2215,360000
2216,130000
2217,175000
2218,725000
2219,280000
2220,325000
2221,320000
2222,825000
2223,350000
2224,470000
2225,125000
2226,140000
2227,484999
2228,308000
2229,570000
2230,900000
2231,1800000
2232,400000
2233,680000
2234,700000
2235,240000
2236,280000
2237,130000
2238,1200000
2239,400000
2240,850000
2241,475000
2242,150000
2243,2900000
2244,1100000
2245,650000
2246,275000
2247,60000
2248,229999
2249,300000
2250,600000
2251,580000
2252,450000
2253,290000
2254,530000
2255,960000
2256,290000
2257,160000
2258,400000
2259,700000
2260,390000
2261,200000
2262,500000
2263,200000
2264,570000
2265,680000
2266,235000
2267,1700000
2268,1200000
2269,630000
2270,640000
2271,560000
2272,580000
2273,185000
2274,660000
2275,220000
2276,150000
2277,509999
2278,515000
2279,1250000
2280,350000
2281,375000
2282,275000
2283,7200000
2284,400000
2285,310000
2286,1670000
2287,356000
2288,409999
2289,980000
2290,150000
2291,500000
2292,355000
2293,200000
2294,370000
2295,450000
2296,486000
2297,242000
2298,580000
2299,500000
2300,170000
2301,300000
2302,710000
2303,220000
2304,654000
2305,835000
2306,250000
2307,600000
2308,459999
2309,408000
2310,1200000
2311,375000
2312,94500
2313,300000
2314,350000
2315,975000
2316,600000
2317,700000
2318,1110000
2319,570000
2320,240000
2321,360000
2322,250000
2323,550000
2324,180000
2325,425000
2326,409999
2327,225000
2328,580000
2329,200000
2330,75000
2331,250000
2332,170000
2333,300000
2334,160000
2335,409999
2336,350000
2337,310000
2338,135000
2339,220000
2340,570000
2341,500000
2342,875000
2343,210000
2344,210000
2345,200000
2346,700000
2347,550000
2348,210000
2349,175000
2350,180000
2351,170000
2352,120000
2353,170000
2354,700000
2355,500000
2356,625000
2357,640000
2358,155000
2359,85000
2360,250000
2361,350000
2362,740000
2363,300000
2364,550000
2365,710000
2366,550000
2367,375000
2368,380000
2369,45000
2370,450000
2371,475000
2372,200000
2373,350000
2374,911999
2375,190000
2376,1200000
2377,305000
2378,850000
2379,350000
2380,180000
2381,200000
2382,375000
2383,229999
2384,135000
2385,425000
2386,480000
2387,455000
2388,320000
2389,693000
2390,830000
2391,325000
2392,215000
2393,560000
2394,325000
2395,229999
2396,400000
2397,449000
2398,455000
2399,1750000
2400,1390000
2401,1150000
2402,650000
2403,950000
2404,698000
2405,975000
2406,445000
2407,539000
2408,350000
2409,550000
2410,330000
2411,220000
2412,415000
2413,150000
2414,150000
2415,240000
2416,170000
2417,550000
2418,180000
2419,360000
2420,400000
2421,120000
2422,765000
2423,919999
2424,730000
2425,320000
2426,455000
2427,350000
2428,509999
2429,175000
2430,325000
2431,120000
2432,300000
2433,500000
2434,562000
2435,250000
2436,280000
2437,571000
2438,400000
2439,295000
2440,250000
2441,610000
2442,204999
2443,750000
2444,589000
2445,445000
2446,310000
2447,445000
2448,450000
2449,450000
2450,525000
2451,200000
2452,611000
2453,819999
2454,825000
2455,599000
2456,490000
2457,500000
2458,1100000
2459,675000
2460,570000
2461,455000
2462,165000
2463,215000
2464,470000
2465,470000
2466,650000
2467,900000
2468,325000
2469,190000
2470,715000
2471,200000
2472,725000
2473,300000
2474,1151000
2475,225000
2476,380000
2477,630000
2478,351000
2479,199000
2480,850000
2481,105000
2482,300000
2483,950000
2484,175000
2485,350000
2486,690000
2487,535000
2488,730000
2489,280000
2490,650000
2491,360000
2492,250000
2493,575000
2494,711000
2495,250000
2496,675000
2497,325000
2498,250000
2499,740000
2500,1750000
2501,800000
2502,1825000
2503,1295000
2504,425000
2505,4090000
2506,910000
2507,325000
2508,500000
2509,300000
2510,270000
2511,160000
2512,210000
2513,880000
2514,150000
2515,775000
2516,220000
2517,670000
2518,780000
2519,515000
2520,800000
2521,850000
2522,200000
2523,140000
2524,800000
2525,250000
2526,800000
2527,600000
2528,250000
2529,500000
2530,750000
2531,650000
2532,350000
2533,950000
2534,580000
2535,800000
2536,347000
2537,1000000
2538,300000
2539,493000
2540,370000
2541,250000
2542,300000
2543,450000
2544,185000
2545,1225000
2546,600000
2547,285000
2548,500000
2549,350000
2550,685000
2551,399000
2552,525000
2553,765000
2554,450000
2555,78000
2556,390000
2557,940000
2558,650000
2559,320000
2560,145000
2561,670000
2562,350000
2563,300000
2564,300000
2565,810000
2566,90000
2567,100000
2568,90000
2569,250000
2570,300000
2571,130000
2572,199000
2573,545000
2574,570000
2575,150000
2576,600000
2577,610000
2578,690000
2579,790000
2580,254999
2581,500000
2582,245000
2583,340000
2584,221000
2585,455000
2586,300000
2587,480000
2588,1000000
2589,2600000
2590,1850000
2591,1000000
2592,245000
2593,625000
2594,560000
2595,1475000
2596,550000
2597,1475000
2598,750000
2599,570000
2600,585000
2601,600000
2602,180000
2603,150000
2604,310000
2605,200000
2606,900000
2607,75000
2608,400000
2609,650000
2610,140000
2611,550000
2612,380000
2613,440000
2614,630000
2615,250000
2616,120000
2617,287000
2618,950000
2619,1630000
2620,501000
2621,550000
2622,300000
2623,300000
2624,280000
2625,550000
2626,700000
2627,181000
2628,365000
2629,150000
2630,400000
2631,210000
2632,500000
2633,550000
2634,509999
2635,310000
2636,775000
2637,105000
2638,360000
2639,400000
2640,580000
2641,210000
2642,550000
2643,120000
2644,400000
2645,200000
2646,316000
2647,813000
2648,1575000
2649,900000
2650,650000
2651,459999
2652,290000
2653,400000
2654,565000
2655,2150000
2656,150000
2657,480000
2658,70000
2659,1190000
2660,140000
2661,900000
2662,600000
2663,1100000
2664,120000
2665,120000
2666,120000
2667,229999
2668,570000
2669,280000
2670,580000
2671,875000
2672,700000
2673,388000
2674,225000
2675,90000
2676,600000
2677,235000
2678,190000
2679,325000
2680,550000
2681,300000
2682,550000
2683,720000
2684,110000
2685,310000
2686,150000
2687,260000
2688,55000
2689,450000
2690,199000
2691,1000000
2692,240000
2693,350000
2694,530000
2695,625000
2696,378000
2697,700000
2698,156000
2699,700000
2700,194000
2701,415000
2702,325000
2703,525000
2704,265000
2705,100000
2706,400000
2707,345000
2708,850000
2709,620000
2710,700000
2711,200000
2712,1700000
2713,1050000
2714,160000
2715,150000
2716,200000
2717,365000
2718,360000
2719,200000
2720,250000
2721,229999
2722,320000
2723,1200000
2724,740000
2725,570000
2726,250000
2727,430000
2728,225000
2729,440000
2730,800000
2731,660000
2732,420000
2733,500000
2734,280000
2735,425000
2736,650000
2737,550000
2738,675000
2739,700000
2740,795000
2741,515000
2742,450000
2743,155000
2744,350000
2745,250000
2746,450000
2747,55599
2748,420000
2749,315000
2750,750000
2751,450000
2752,175000
2753,650000
2754,1050000
2755,375000
2756,1100000
2757,1550000
2758,620000
2759,320000
2760,1650000
2761,320000
2762,400000
2763,900000
2764,595000
2765,350000
2766,250000
2767,250000
2768,525000
2769,250000
2770,90000
2771,430000
2772,630000
2773,550000
2774,850000
2775,455000
2776,370000
2777,500000
2778,95000
2779,300000
2780,229999
2781,880000
2782,720000
2783,550000
2784,720000
2785,70000
2786,500000
2787,525000
2788,220000
2789,530000
2790,215000
2791,335000
2792,320000
2793,135000
2794,565000
2795,575000
2796,170000
2797,250999
2798,650000
2799,550000
2800,650000
2801,800000
2802,250999
2803,170000
2804,250000
2805,312000
2806,250000
2807,200000
2808,670000
2809,270000
2810,360000
2811,400000
2812,1000000
2813,650000
2814,280000
2815,350000
2816,1150000
2817,810000
2818,180000
2819,66000
2820,369000
2821,300000
2822,350000
2823,160000
2824,221000
2825,250000
2826,190000
2827,300000
2828,650000
2829,635000
2830,520000
2831,1500000
2832,484999
2833,120000
2834,320000
2835,375000
2836,440000
2837,550000
2838,640000
2839,420000
2840,330000
2841,800000
2842,240000
2843,360000
2844,750000
2845,570000
2846,450000
2847,240000
2848,149000
2849,1500000
2850,185000
2851,65000
2852,130000
2853,330000
2854,190000
2855,501000
2856,570000
2857,450000
2858,285000
2859,490000
2860,500000
2861,275000
2862,440000
2863,825000
2864,411000
2865,470000
2866,445000
2867,752000
2868,650000
2869,450000
2870,511000
2871,700000
2872,142000
2873,725000
2874,480000
2875,330000
2876,500000
2877,300000
2878,400000
2879,320000
2880,180000
2881,530000
2882,780000
2883,175000
2884,735000
2885,325000
2886,225000
2887,110000
2888,85000
2889,150000
2890,225000
2891,111000
2892,150000
2893,300000
2894,206000
2895,70000
2896,567000
2897,500000
2898,400000
2899,850000
2900,570000
2901,690000
2902,180000
2903,200000
2904,575000
2905,415000
2906,350000
2907,632000
2908,511000
2909,300000
2910,70000
2911,180000
2912,730000
2913,450000
2914,550000
2915,420000
2916,509999
2917,905000
2918,240000
2919,300000
2920,225000
2921,860000
2922,400000
2923,350000
2924,75000
2925,860000
2926,250000
2927,700000
2928,320000
2929,1100000
2930,750000
2931,530000
2932,750000
2933,560000
2934,450000
2935,459999
2936,235000
2937,140000
2938,190000
2939,380000
2940,1145000
2941,540000
2942,800000
2943,75000
2944,135000
2945,525000
2946,411000
2947,150000
2948,575000
2949,595000
2950,525000
2951,415000
2952,925000
2953,260000
2954,260000
2955,347000
2956,195000
2957,265000
2958,320000
2959,590000
2960,509999
2961,749000
2962,150000
2963,58000
2964,200000
2965,210000
2966,240000
2967,515000
2968,145000
2969,450000
2970,179000
2971,220000
2972,270000
2973,335000
2974,459999
2975,710000
2976,1515000
2977,160000
2978,215000
2979,480000
2980,140000
2981,200000
2982,400000
2983,180000
2984,550000
2985,550000
2986,550000
2987,270000
2988,315000
2989,875000
2990,400000
2991,540000
2992,360000
2993,300000
2994,350000
2995,650000
2996,350000
2997,700000
2998,415000
2999,1460000
3000,625000
3001,550000
3002,595000
3003,550000
3004,400000
3005,500000
3006,340000
3007,480000
3008,480000
3009,100000
3010,290000
3011,285000
3012,625000
3013,170000
3014,459999
3015,450000
3016,600000
3017,178000
3018,300000
3019,150000
3020,590000
3021,310000
3022,400000
3023,520000
3024,65000
3025,509999
3026,221000
3027,350000
3028,1750000
3029,600000
3030,1100000
3031,285000
3032,190000
3033,350000
3034,400000
3035,434999
3036,450000
3037,45000
3038,450000
3039,580000
3040,900000
3041,750000
3042,140000
3043,525000
3044,399000
3045,275000
3046,340000
3047,70000
3048,430000
3049,430000
3050,320000
3051,95000
3052,229999
3053,200000
3054,500000
3055,315000
3056,265000
3057,350000
3058,200000
3059,425000
3060,900000
3061,165000
3062,850000
3063,850000
3064,550000
3065,500000
3066,160000
3067,375000
3068,500000
3069,1350000
3070,600000
3071,1450000
3072,550000
3073,1225000
3074,700000
3075,530000
3076,750000
3077,150000
3078,475000
3079,375000
3080,425000
3081,800000
3082,40000
3083,509999
3084,387000
3085,95000
3086,340000
3087,1000000
3088,160000
3089,260000
3090,860000
3091,114999
3092,100000
3093,565000
3094,450000
3095,625000
3096,280000
3097,330000
3098,1300000
3099,65000
3100,480000
3101,500000
3102,320000
3103,620000
3104,300000
3105,1405000
3106,282000
3107,700000
3108,290000
3109,430000
3110,575000
3111,875000
3112,229999
3113,800000
3114,60000
3115,150000
3116,100000
3117,900000
3118,850000
3119,220000
3120,125000
3121,400000
3122,50000
3123,1000000
3124,600000
3125,250000
3126,120000
3127,390000
3128,458000
3129,950000
3130,400000
3131,400000
3132,450000
3133,350000
3134,250000
3135,450000
3136,157000
3137,1500000
3138,75000
3139,280000
3140,250999
3141,350000
3142,300000
3143,819999
3144,409999
3145,275000
3146,497000
3147,500000
3148,2700000
3149,975000
3150,620000
3151,1227000
3152,950000
3153,1700000
3154,545000
3155,400000
3156,562000
3157,155000
3158,210000
3159,590000
3160,484999
3161,500000
3162,300000
3163,750000
3164,574000
3165,200000
3166,1100000
3167,350000
3168,70000
3169,120000
3170,700000
3171,500000
3172,600000
3173,100000
3174,409999
3175,750000
3176,600000
3177,550000
3178,950000
3179,650000
3180,350000
3181,700000
3182,335000
3183,270000
3184,320000
3185,120000
3186,730000
3187,125000
3188,150000
3189,310000
3190,625000
3191,267000
3192,600000
3193,700000
3194,121000
3195,350000
3196,869999
3197,750000
3198,484999
3199,120000
3200,150000
3201,3100000
3202,750000
3203,350000
3204,400000
3205,570000
3206,180000
3207,280000
3208,90000
3209,2600000
3210,700000
3211,1850000
3212,685000
3213,565000
3214,395000
3215,425000
3216,1950000
3217,535000
3218,434999
3219,700000
3220,900000
3221,425000
3222,1600000
3223,325000
3224,980000
3225,1920000
3226,808000
3227,215000
3228,512000
3229,215000
3230,500000
3231,700000
3232,525000
3233,550000
3234,675000
3235,140000
3236,430000
3237,270000
3238,300000
3239,180000
3240,125000
3241,150000
3242,95000
3243,810000
3244,671000
3245,295000
3246,850000
3247,409999
3248,600000
3249,600000
3250,220000
3251,650000
3252,130000
3253,400000
3254,250000
3255,250000
3256,400000
3257,500000
3258,565000
3259,900000
3260,650000
3261,600000
3262,800000
3263,190000
3264,750000
3265,625000
3266,799000
3267,850000
3268,130000
3269,900000
3270,800000
3271,250999
3272,250000
3273,100000
3274,450000
3275,575000
3276,400000
3277,480000
3278,150000
3279,600000
3280,500000
3281,425000
3282,108000
3283,1030000
3284,360000
3285,290000
3286,70000
3287,735000
3288,190000
3289,1365000
3290,675000
3291,438999
3292,550000
3293,409999
3294,350000
3295,135000
3296,1490000
3297,520000
3298,315000
3299,235000
3300,80500
3301,375000
3302,550000
3303,260000
3304,260000
3305,800000
3306,350000
3307,70000
3308,892000
3309,285000
3310,300000
3311,620000
3312,270000
3313,300000
3314,220000
3315,260000
3316,80000
3317,300000
3318,300000
3319,400000
3320,550000
3321,500000
3322,93000
3323,500000
3324,670000
3325,750000
3326,100000
3327,425000
3328,370000
3329,229999
3330,235000
3331,700000
3332,475000
3333,610000
3334,520000
3335,700000
3336,590000
3337,140000
3338,725000
3339,1680000
3340,240000
3341,667000
3342,400000
3343,599000
3344,725000
3345,525000
3346,190000
3347,310000
3348,380000
3349,204000
3350,350000
3351,350000
3352,175000
3353,340000
3354,950000
3355,894999
3356,350000
3357,100000
3358,550000
3359,800000
3360,500000
3361,42000
3362,694000
3363,861999
3364,650000
3365,310000
3366,360000
3367,500000
3368,475000
3369,100000
3370,200000
3371,245000
3372,450000
3373,800000
3374,215000
3375,760000
3376,416000
3377,195000
3378,325000
3379,145000
3380,675000
3381,340000
3382,340000
3383,260000
3384,75000
3385,350000
3386,170000
3387,600000
3388,800000
3389,850000
3390,980000
3391,340000
3392,900000
3393,600000
3394,270000
3395,509999
3396,225000
3397,280000
3398,440000
3399,500000
3400,476999
3401,590000
3402,500000
3403,600000
3404,750000
3405,2950000
3406,5200000
3407,695000
3408,690000
3409,409999
3410,1650000
3411,2375000
3412,525000
3413,2150000
3414,540000
3415,2750000
3416,1000000
3417,2900000
3418,975000
3419,355000
3420,400000
3421,650000
3422,720000
3423,850000
3424,290000
3425,600000
3426,300000
3427,225000
3428,240000
3429,700000
3430,800000
3431,450000
3432,90000
3433,450000
3434,400000
3435,1465000
3436,925000
3437,2000000
3438,80000
3439,300000
3440,360000
3441,320000
3442,99000
3443,780000
3444,620000
3445,100000
3446,210000
3447,786000
3448,1000000
3449,120000
3450,750000
3451,550000
3452,875000
3453,890000
3454,550000
3455,400000
3456,290000
3457,150000
3458,300000
3459,220000
3460,270000
3461,500000
3462,250000
3463,680000
3464,220000
3465,650000
3466,5500000
3467,875000
3468,785000
3469,819999
3470,2950000
3471,1925000
3472,885000
3473,680000
3474,960000
3475,385000
3476,1650000
3477,890000
3478,1275000
3479,6000000
3480,1025000
3481,675000
3482,700000
3483,780000
3484,1050000
3485,2700000
3486,400000
3487,400000
3488,1300000
3489,819999
3490,620000
3491,260000
3492,484999
3493,2500000
3494,650000
3495,1525000
3496,910000
3497,300000
3498,120000
3499,490000
3500,155000
3501,490000
3502,132000
3503,750000
3504,225000
3505,240000
3506,80000
3507,40000
3508,1100000
3509,380000
3510,300000
3511,325000
3512,400000
3513,800000
3514,950000
3515,530000
3516,350000
3517,168000
3518,240000
3519,220000
3520,110000
3521,2064000
3522,950000
3523,420000
3524,150000
3525,750000
3526,790000
3527,830000
3528,780000
3529,869999
3530,275000
3531,630000
3532,150000
3533,189000
3534,580000
3535,150000
3536,825000
3537,650000
3538,50000
3539,200000
3540,135000
3541,680000
3542,240000
3543,555000
3544,455000
3545,750000
3546,700000
3547,220000
3548,160000
3549,225000
3550,140000
3551,600000
3552,1000000
3553,65000
3554,500000
3555,1150000
3556,320000
3557,950000
3558,250000
3559,1100000
3560,600000
3561,509999
3562,395000
3563,469000
3564,250000
3565,130000
3566,906000
3567,160000
3568,60000
3569,400000
3570,450000
3571,465000
3572,325000
3573,250000
3574,175000
3575,175000
3576,150000
3577,797000
3578,800000
3579,750000
3580,160000
3581,700000
3582,400000
3583,40000
3584,300000
3585,421000
3586,80000
3587,950000
3588,395000
3589,950000
3590,270000
3591,360000
3592,1850000
3593,1650000
3594,459999
3595,6223000
3596,5923000
3597,6523000
3598,1050000
3599,215000
3600,1050000
3601,800000
3602,530000
3603,450000
3604,235000
3605,550000
3606,395000
3607,150000
3608,515000
3609,160000
3610,110000
3611,210000
3612,260000
3613,128000
3614,300000
3615,550000
3616,150000
3617,891000
3618,1050000
3619,380000
3620,800000
3621,200000
3622,700000
3623,229999
3624,300000
3625,210000
3626,370000
3627,600000
3628,810000
3629,80000
3630,346000
3631,55000
3632,250000
3633,600000
3634,330000
3635,400000
3636,450000
3637,800000
3638,225000
3639,55000
3640,900000
3641,2500000
3642,465000
3643,70000
3644,400000
3645,185000
3646,140000
3647,415000
3648,532000
3649,600000
3650,150000
3651,459999
3652,800000
3653,310000
3654,475000
3655,310000
3656,350000
3657,1800000
3658,640000
3659,350000
3660,600000
3661,575000
3662,974000
3663,445000
3664,580000
3665,1050000
3666,600000
3667,370000
3668,150000
3669,483000
3670,470000
3671,950000
3672,450000
3673,345000
3674,600000
3675,300000
3676,160000
3677,220000
3678,138000
3679,100000
3680,231000
3681,800000
3682,960000
3683,120000
3684,270000
3685,200000
3686,328000
3687,432000
3688,565000
3689,390000
3690,250000
3691,165000
3692,421000
3693,225000
3694,350000
3695,1757000
3696,515000
3697,800000
3698,120000
3699,400000
3700,80000
3701,300000
3702,400000
3703,235000
3704,350000
3705,625000
3706,550000
3707,550000
3708,220000
3709,412000
3710,126000
3711,430000
3712,130000
3713,350000
3714,220000
3715,200000
3716,620000
3717,150000
3718,450000
3719,1150000
3720,246000
3721,65000
3722,725000
3723,736000
3724,700000
3725,150000
3726,180000
3727,409999
3728,550000
3729,50000
3730,80000
3731,110000
3732,180000
3733,605000
3734,1025000
3735,1300000
3736,1150000
3737,480000
3738,1050000
3739,310000
3740,500000
3741,350000
3742,365000
3743,100000
3744,240000
3745,925000
3746,590000
3747,720000
3748,490000
3749,1200000
3750,300000
3751,365000
3752,500000
3753,900000
3754,700000
3755,880000
3756,380000
3757,150000
3758,235000
3759,320000
3760,550000
3761,3200000
3762,750000
3763,645000
3764,300000
3765,580000
3766,220000
3767,451000
3768,850000
3769,300000
3770,350000
3771,300000
3772,390000
3773,1200000
3774,550000
3775,300000
3776,350000
3777,880000
3778,160000
3779,660000
3780,450000
3781,400000
3782,1300000
3783,229999
3784,140000
3785,195000
3786,60000
3787,400000
3788,400000
3789,380000
3790,579000
3791,400000
3792,270000
3793,500000
3794,475000
3795,850000
3796,475000
3797,370000
3798,187000
3799,195000
3800,459999
3801,135000
3802,850000
3803,385000
3804,135000
3805,120000
3806,200000
3807,700000
3808,290000
3809,725000
3810,200000
3811,155000
3812,5200000
3813,4000000
3814,1650000
3815,280000
3816,450000
3817,135000
3818,650000
3819,650000
3820,750000
3821,150000
3822,500000
3823,311000
3824,425000
3825,260000
3826,400000
3827,175000
3828,250000
3829,400000
3830,350000
3831,484999
3832,350000
3833,1400000
3834,500000
3835,300000
3836,650000
3837,300000
3838,475000
3839,450000
3840,754000
3841,300000
3842,95000
3843,575000
3844,350000
3845,330000
3846,625000
3847,380000
3848,310000
3849,280000
3850,900000
3851,250000
3852,750000
3853,420000
3854,420000
3855,1800000
3856,900000
3857,1200000
3858,195000
3859,185000
3860,185000
3861,1525000
3862,215000
3863,1700000
3864,55000
3865,530000
3866,800000
3867,350000
3868,350000
3869,750000
3870,150000
3871,250000
3872,562000
3873,600000
3874,401000
3875,225000
3876,737000
3877,300000
3878,85000
3879,195000
3880,675000
3881,150000
3882,290000
3883,95000
3884,889000
3885,400000
3886,390000
3887,1550000
3888,600000
3889,800000
3890,600000
3891,795000
3892,735000
3893,250000
3894,400000
3895,395000
3896,130000
3897,600000
3898,450000
3899,220000
3900,545000
3901,450000
3902,750000
3903,711000
3904,285000
3905,749000
3906,550000
3907,625000
3908,650000
3909,575000
3910,631000
3911,220000
3912,160000
3913,390000
3914,375000
3915,340000
3916,670000
3917,530000
3918,415000
3919,700000
3920,925000
3921,375000
3922,575000
3923,425000
3924,245000
3925,540000
3926,1000000
3927,291000
3928,600000
3929,355000
3930,225000
3931,200000
3932,600000
3933,434999
3934,390000
3935,50000
3936,225000
3937,85000
3938,150000
3939,500000
3940,220000
3941,999000
3942,1050000
3943,320000
3944,270000
3945,170000
3946,270000
3947,140000
3948,170000
3949,1450000
3950,1200000
3951,834000
3952,450000
3953,575000
3954,900000
3955,149000
3956,100000
3957,400000
3958,250000
3959,225000
3960,300000
3961,459999
3962,825000
3963,150000
3964,710000
3965,425000
3966,45000
3967,380000
3968,150000
3969,240000
3970,1150000
3971,520000
3972,675000
3973,170000
3974,297000
3975,250000
3976,200000
3977,225000
3978,380000
3979,40000
3980,575000
3981,300000
3982,450000
3983,950000
3984,509999
3985,185000
3986,300000
3987,210000
3988,260000
3989,430000
3990,600000
3991,400000
3992,669000
3993,509999
3994,616000
3995,530000
3996,190000
3997,700000
3998,250000
3999,225000
4000,470000
4001,170000
4002,140000
4003,95000
4004,280000
4005,129000
4006,515000
4007,225000
4008,270000
4009,225000
4010,459999
4011,115999
4012,475000
4013,1925000
4014,165000
4015,550000
4016,861000
4017,1050000
4018,750000
4019,730000
4020,940000
4021,1075000
4022,775000
4023,411000
4024,911000
4025,540000
4026,660000
4027,875000
4028,411000
4029,635000
4030,350000
4031,800000
4032,180000
4033,2000000
4034,490000
4035,310000
4036,450000
4037,500000
4038,245000
4039,275000
4040,200000
4041,1500000
4042,229999
4043,280000
4044,600000
4045,600000
4046,411000
4047,150000
4048,1200000
4049,700000
4050,535000
4051,600000
4052,145000
4053,400000
4054,600000
4055,459999
4056,800000
4057,370000
4058,800000
4059,290000
4060,671000
4061,141000
4062,125000
4063,600000
4064,700000
4065,700000
4066,140000
4067,1150000
4068,300000
4069,530000
4070,210000
4071,585000
4072,375000
4073,725000
4074,350000
4075,180000
4076,425000
4077,900000
4078,570000
4079,229999
4080,300000
4081,220000
4082,409999
4083,355000
4084,695000
4085,320000
4086,85000
4087,409999
4088,550000
4089,215000
4090,110000
4091,170000
4092,850000
4093,350000
4094,250000
4095,433000
4096,1200000
4097,300000
4098,70000
4099,760000
4100,187000
4101,488000
4102,111000
4103,600000
4104,570000
4105,110000
4106,229999
4107,490000
4108,300000
4109,350000
4110,140000
4111,250000
4112,560000
4113,750000
4114,310000
4115,620000
4116,400000
4117,480000
4118,110000
4119,105000
4120,475000
4121,275000
4122,40000
4123,300000
4124,70000
4125,900000
4126,650000
4127,55000
4128,50000
4129,475000
4130,425000
4131,900000
4132,150000
4133,400000
4134,800000
4135,165000
4136,1000000
4137,390000
4138,136000
4139,475000
4140,515000
4141,535000
4142,215000
4143,70000
4144,445000
4145,335000
4146,300000
4147,110000
4148,240000
4149,2000000
4150,295000
4151,310000
4152,29999
4153,925000
4154,350000
4155,385000
4156,1300000
4157,210000
4158,300000
4159,450000
4160,170000
4161,650000
4162,125000
4163,145000
4164,681000
4165,750000
4166,110000
4167,100000
4168,260000
4169,150000
4170,430000
4171,200000
4172,125000
4173,45000
4174,124000
4175,80000
4176,545000
4177,1050000
4178,200000
4179,1100000
4180,750000
4181,425000
4182,300000
4183,1200000
4184,240000
4185,450000
4186,80000
4187,500000
4188,295000
4189,100000
4190,700000
4191,180000
4192,225000
4193,310000
4194,625000
4195,275000
4196,245000
4197,160000
4198,250000
4199,450000
4200,85000
4201,1938000
4202,550000
4203,551000
4204,585000
4205,172000
4206,350000
4207,700000
4208,148000
4209,330000
4210,110000
4211,450000
4212,260000
4213,200000
4214,245000
4215,320000
4216,120000
4217,600000
4218,300000
4219,400000
4220,525000
4221,300000
4222,220000
4223,500000
4224,59000
4225,130000
4226,180000
4227,220000
4228,625000
4229,295000
4230,350000
4231,509999
4232,370000
4233,370000
4234,180000
4235,300000
4236,850000
4237,1150000
4238,3500000
4239,775000
4240,310000
4241,1550000
4242,375000
4243,500000
4244,300000
4245,350000
4246,350000
4247,1900000
4248,537000
4249,585000
4250,56000
4251,350000
4252,700000
4253,849000
4254,574000
4255,484999
4256,360000
4257,575000
4258,700000
4259,825000
4260,114999
4261,150000
4262,851000
4263,550000
4264,890000
4265,900000
4266,210000
4267,1650000
4268,750000
4269,227999
4270,925000
4271,275000
4272,175000
4273,155000
4274,325000
4275,700000
4276,50000
4277,450000
4278,645000
4279,597000
4280,400000
4281,300000
4282,573000
4283,180000
4284,70000
4285,500000
4286,110000
4287,450000
4288,310000
4289,400000
4290,390000
4291,122000
4292,330000
4293,300000
4294,215000
4295,150000
4296,250000
4297,180000
4298,150000
4299,275000
4300,556000
4301,550000
4302,1500000
4303,549000
4304,630000
4305,679000
4306,320000
4307,1125000
4308,1050000
4309,450000
4310,210000
4311,470000
4312,550000
4313,204999
4314,950000
4315,550000
4316,280000
4317,630000
4318,220000
4319,320000
4320,225000
4321,380000
4322,380000
4323,600000
4324,620000
4325,500000
4326,700000
4327,550000
4328,600000
4329,550000
4330,475000
4331,615000
4332,385000
4333,500000
4334,450000
4335,969999
4336,580000
4337,550000
4338,780000
4339,500000
4340,270000
4341,335000
4342,445000
4343,340000
4344,1000000
4345,1237000
4346,695000
4347,270000
4348,790000
4349,590000
4350,540000
4351,265000
4352,600000
4353,409999
4354,525000
4355,150000
4356,130000
4357,925000
4358,690000
4359,560000
4360,950000
4361,450000
4362,2000000
4363,229999
4364,300000
4365,200000
4366,725000
4367,235000
4368,65000
4369,85000
4370,834000
4371,210000
4372,700000
4373,425000
4374,150000
4375,215000
4376,225000
4377,330000
4378,54000
4379,374000
4380,549000
4381,390000
4382,455999
4383,453000
4384,579000
4385,258000
4386,428000
4387,262000
4388,389000
4389,346000
4390,339000
4391,272000
4392,369000
4393,277000
4394,535000
4395,265000
4396,400000
4397,459999
4398,667000
4399,300000
4400,229999
4401,200000
4402,150000
4403,280000
4404,590000
4405,142000
4406,850000
4407,600000
4408,700000
4409,200000
4410,650000
4411,3100000
4412,1500000
4413,1800000
4414,800000
4415,2100000
4416,250000
4417,550000
4418,125000
4419,450000
4420,850000
4421,459999
4422,434999
4423,120000
4424,600000
4425,780000
4426,100000
4427,650000
4428,50000
4429,425000
4430,500000
4431,590000
4432,459999
4433,578000
4434,550000
4435,465000
4436,890000
4437,250000
4438,270000
4439,265000
4440,160000
4441,335000
4442,684000
4443,680000
4444,500000
4445,390000
4446,434999
4447,350000
4448,675000
4449,1350000
4450,1350000
4451,1200000
4452,1090000
4453,142000
4454,957000
4455,265000
4456,395000
4457,160000
4458,180000
4459,200000
4460,250000
4461,400000
4462,371000
4463,570000
4464,300000
4465,949000
4466,750000
4467,350000
4468,1250000
4469,235000
4470,500000
4471,380000
4472,160000
4473,339000
4474,229999
4475,400000
4476,470000
4477,45000
4478,575000
4479,325000
4480,350000
4481,300000
4482,540000
4483,580000
4484,1000000
4485,459999
4486,635000
4487,650000
4488,350000
4489,320000
4490,450000
4491,227000
4492,300000
4493,400000
4494,550000
4495,900000
4496,210000
4497,650000
4498,680000
4499,390000
4500,260000
4501,450000
4502,130000
4503,890000
4504,3500000
4505,750000
4506,350000
4507,2000000
4508,270000
4509,700000
4510,130000
4511,650000
4512,55000
4513,475000
4514,325000
4515,390000
4516,650000
4517,600000
4518,170000
4519,499000
4520,400000
4521,700000
4522,800000
4523,600000
4524,580000
4525,350000
4526,204999
4527,1350000
4528,310000
4529,459999
4530,860000
4531,275000
4532,390000
4533,110000
4534,5830000
4535,665000
4536,390000
4537,685000
4538,595000
4539,900000
4540,950000
4541,570000
4542,910000
4543,751000
4544,135000
4545,925000
4546,725000
4547,550000
4548,750000
4549,475000
4550,325000
4551,725000
4552,625000
4553,470000
4554,1750000
4555,1650000
4556,380000
4557,650000
4558,275000
4559,200000
4560,315000
4561,90000
4562,120000
4563,90000
4564,1500000
4565,595000
4566,150000
4567,310000
4568,385000
4569,105000
4570,750000
4571,521000
4572,180000
4573,220000
4574,40000
4575,540000
4576,140000
4577,200000
4578,650000
4579,305000
4580,200000
4581,200000
4582,465000
4583,570000
4584,570000
4585,650000
4586,620000
4587,250000
4588,300000
4589,300000
4590,810000
4591,270000
4592,470000
4593,400000
4594,300000
4595,170000
4596,121000
4597,35000
4598,85000
4599,650000
4600,350000
4601,125000
4602,80000
4603,120000
4604,250000
4605,225000
4606,215000
4607,450000
4608,509999
4609,245000
4610,620000
4611,1700000
4612,590000
4613,370000
4614,350000
4615,450000
4616,600000
4617,2400000
4618,450000
4619,150000
4620,400000
4621,185000
4622,625000
4623,700000
4624,390000
4625,625000
4626,400000
4627,400000
4628,620000
4629,190000
4630,210000
4631,270000
4632,45000
4633,220000
4634,550000
4635,95000
4636,650000
4637,550000
4638,225000
4639,40000
4640,280000
4641,570000
4642,290000
4643,720000
4644,265000
4645,135000
4646,350000
4647,200000
4648,490000
4649,450000
4650,950000
4651,355000
4652,700000
4653,459999
4654,85000
4655,290000
4656,1000000
4657,85000
4658,65000
4659,75000
4660,100000
4661,170000
4662,525000
4663,265000
4664,459999
4665,250000
4666,395000
4667,375000
4668,120000
4669,290000
4670,409999
4671,200000
4672,900000
4673,50000
4674,450000
4675,650000
4676,300000
4677,425000
4678,55000
4679,200000
4680,975000
4681,450000
4682,600000
4683,550000
4684,180000
4685,300000
4686,350000
4687,200000
4688,350000
4689,650000
4690,150000
4691,220000
4692,250000
4693,1050000
4694,3000000
4695,200000
4696,299000
4697,250000
4698,140000
4699,360000
4700,210000
4701,600000
4702,210000
4703,300000
4704,450000
4705,550000
4706,100000
4707,185000
4708,80000
4709,295000
4710,360000
4711,210000
4712,585000
4713,560000
4714,600000
4715,330000
4716,300000
4717,650000
4718,695000
4719,300000
4720,185000
4721,200000
4722,459999
4723,860000
4724,400000
4725,240000
4726,570000
4727,850000
4728,155000
4729,270000
4730,610000
4731,1000000
4732,450000
4733,500000
4734,700000
4735,135000
4736,430000
4737,625000
4738,280000
4739,800000
4740,620000
4741,300000
4742,180000
4743,250000
4744,885000
4745,550000
4746,180000
4747,200000
4748,380000
4749,520000
4750,330000
4751,40000
4752,370000
4753,290000
4754,215000
4755,610000
4756,1250000
4757,400000
4758,700000
4759,650000
4760,95000
4761,150000
4762,120000
4763,130000
4764,180000
4765,550000
4766,950000
4767,725000
4768,500000
4769,180000
4770,650000
4771,285000
4772,210000
4773,200000
4774,295000
4775,450000
4776,385000
4777,558000
4778,300000
4779,900000
4780,890000
4781,640000
4782,900000
4783,450000
4784,500000
4785,450000
4786,675000
4787,415000
4788,1100000
4789,509999
4790,200000
4791,500000
4792,45000
4793,270000
4794,550000
4795,235000
4796,600000
4797,525000
4798,325000
4799,420000
4800,375000
4801,750000
4802,400000
4803,600000
4804,110000
4805,722000
4806,500000
4807,250000
4808,950000
4809,780000
4810,575000
4811,563000
4812,450000
4813,2300000
4814,80000
4815,320000
4816,375000
4817,400000
4818,600000
4819,315000
4820,1100000
4821,350000
4822,375000
4823,1050000
4824,130000
4825,350000
4826,170000
4827,120000
4828,819999
4829,451999
4830,500000
4831,1250000
4832,500000
4833,490000
4834,200000
4835,655000
4836,620000
4837,310000
4838,150000
4839,180000
4840,150000
4841,160000
4842,600000
4843,380000
4844,350000
4845,135000
4846,610000
4847,260000
4848,220000
4849,121000
4850,350000
4851,2200000
4852,280000
4853,919999
4854,320000
4855,140000
4856,310000
4857,65000
4858,300000
4859,575000
4860,440000
4861,380000
4862,140000
4863,475000
4864,200000
4865,400000
4866,425000
4867,68000
4868,509999
4869,275000
4870,1850000
4871,650000
4872,360000
4873,650000
4874,2000000
4875,675000
4876,445000
4877,750000
4878,57000
4879,850000
4880,400000
4881,200000
4882,550000
4883,250000
4884,206000
4885,45000
4886,220000
4887,515000
4888,170000
4889,260000
4890,315000
4891,225000
4892,420000
4893,525000
4894,670000
4895,250000
4896,165000
4897,295000
4898,380000
4899,300000
4900,320000
4901,160000
4902,630000
4903,229999
4904,90000
4905,750000
4906,330000
4907,715000
4908,250000
4909,120000
4910,100000
4911,850000
4912,450000
4913,240000
4914,30000
4915,600000
4916,465000
4917,350000
4918,325000
4919,50000
4920,110000
4921,515000
4922,750000
4923,300000
4924,650000
4925,200000
4926,950000
4927,200000
4928,276000
4929,250000
4930,95000
4931,200000
4932,200000
4933,370000
4934,250000
4935,290000
4936,900000
4937,325000
4938,425000
4939,300000
4940,900000
4941,950000
4942,320000
4943,500000
4944,290000
4945,60000
4946,120000
4947,850000
4948,1750000
4949,600000
4950,620000
4951,150000
4952,150000
4953,200000
4954,730000
4955,800000
4956,300000
4957,190000
4958,350000
4959,509999
4960,400000
4961,800000
4962,930000
4963,720000
4964,225000
4965,950000
4966,530000
4967,470000
4968,650000
4969,540000
4970,325000
4971,400000
4972,70000
4973,250000
4974,590000
4975,434000
4976,445000
4977,191000
4978,372000
4979,150000
4980,300000
4981,520000
4982,190000
4983,750000
4984,750000
4985,360000
4986,160000
4987,229999
4988,300000
4989,675000
4990,700000
4991,400000
4992,254999
4993,450000
4994,1630000
4995,466000
4996,1520000
4997,229999
4998,250000
4999,220000
5000,360000
5001,350000
5002,145000
5003,300000
5004,180000
5005,180000
5006,200000
5007,620000
5008,360000
5009,245000
5010,370000
5011,70000
5012,650000
5013,300000
5014,450000
5015,450000
5016,340000
5017,650000
5018,250000
5019,225000
5020,55000
5021,42000
5022,250000
5023,282000
5024,80000
5025,500000
5026,500000
5027,400000
5028,550000
5029,200000
5030,280000
5031,580000
5032,100000
5033,550000
5034,700000
5035,150000
5036,500000
5037,640000
5038,340000
5039,811000
5040,409999
5041,220000
5042,170000
5043,700000
5044,80000
5045,899000
5046,459999
5047,150000
5048,350000
5049,509999
5050,500000
5051,370000
5052,240000
5053,530000
5054,1000000
5055,1600000
5056,350000
5057,1100000
5058,350000
5059,370000
5060,220000
5061,400000
5062,185000
5063,650000
5064,320000
5065,440000
5066,315000
5067,100000
5068,202999
5069,179000
5070,140000
5071,150000
5072,440000
5073,250000
5074,330000
5075,250000
5076,335000
5077,1025000
5078,320000
5079,800000
5080,375000
5081,140000
5082,550000
5083,670000
5084,950000
5085,300000
5086,1150000
5087,375000
5088,600000
5089,700000
5090,600000
5091,590000
5092,420000
5093,1950000
5094,541000
5095,900000
5096,250000
5097,670000
5098,530000
5099,550000
5100,650000
5101,180000
5102,585000
5103,345000
5104,350000
5105,250000
5106,409999
5107,325000
5108,350000
5109,180000
5110,150000
5111,700000
5112,795000
5113,950000
5114,160000
5115,300000
5116,549000
5117,3000000
5118,1200000
5119,570000
5120,375000
5121,300000
5122,350000
5123,400000
5124,434999
5125,200000
5126,260000
5127,210000
5128,540000
5129,710000
5130,990000
5131,362000
5132,880000
5133,700000
5134,600000
5135,700000
5136,400000
5137,165000
5138,350000
5139,180000
5140,170000
5141,370000
5142,800000
5143,900000
5144,390000
5145,459999
5146,275000
5147,200000
5148,350000
5149,95000
5150,550000
5151,900000
5152,350000
5153,455999
5154,129000
5155,840000
5156,235000
5157,700000
5158,140000
5159,528000
5160,1500000
5161,102000
5162,750000
5163,650000
5164,310000
5165,480000
5166,320000
5167,750000
5168,370000
5169,320000
5170,420000
5171,240000
5172,220000
5173,350000
5174,434999
5175,125000
5176,400000
5177,425000
5178,311000
5179,509999
5180,530000
5181,210000
5182,977000
5183,440000
5184,440000
5185,655000
5186,295000
5187,65000
5188,1200000
5189,1251000
5190,200000
5191,400000
5192,475000
5193,110000
5194,350000
5195,450000
5196,150000
5197,80000
5198,430000
5199,1450000
5200,1445000
5201,670000
5202,2000000
5203,175000
5204,440000
5205,530000
5206,280000
5207,725000
5208,90000
5209,287000
5210,1380000
5211,750000
5212,650000
5213,240000
5214,1000000
5215,200000
5216,90000
5217,330000
5218,200000
5219,420000
5220,260000
5221,590000
5222,545000
5223,210000
5224,125000
5225,280000
5226,99000
5227,98000
5228,100000
5229,250000
5230,750000
5231,160000
5232,509999
5233,95000
5234,525000
5235,50000
5236,254999
5237,950000
5238,229999
5239,600000
5240,330000
5241,350000
5242,560000
5243,220000
5244,800000
5245,59259
5246,450000
5247,750000
5248,780000
5249,320000
5250,690000
5251,375000
5252,620000
5253,300000
5254,370000
5255,770000
5256,500000
5257,450000
5258,195000
5259,472000
5260,250000
5261,165000
5262,525000
5263,145000
5264,310000
5265,250000
5266,330000
5267,250000
5268,650000
5269,305000
5270,600000
5271,280000
5272,153000
5273,700000
5274,155000
5275,235000
5276,60000
5277,500000
5278,155000
5279,675000
5280,950000
5281,1051000
5282,591000
5283,585000
5284,1025000
5285,450000
5286,484999
5287,650000
5288,434999
5289,195000
5290,1000000
5291,650000
5292,190000
5293,409999
5294,1050000
5295,651000
5296,355000
5297,600000
5298,685000
5299,509999
5300,150000
5301,650000
5302,400000
5303,675000
5304,319000
5305,640000
5306,650000
5307,155000
5308,175000
5309,430000
5310,65000
5311,150000
5312,620000
5313,275000
5314,454000
5315,600000
5316,400000
5317,180000
5318,750000
5319,500000
5320,1000000
5321,740000
5322,1290000
5323,695000
5324,730000
5325,1295000
5326,1160000
5327,3300000
5328,434999
5329,4600000
5330,850000
5331,5800000
5332,520000
5333,650000
5334,430000
5335,360000
5336,791000
5337,950000
5338,690000
5339,371000
5340,45000
5341,55000
5342,240000
5343,495000
5344,170000
5345,671000
5346,352000
5347,802999
5348,495000
5349,545000
5350,775000
5351,925000
5352,790000
5353,620000
5354,375000
5355,595000
5356,2450000
5357,850000
5358,775000
5359,260000
5360,1300000
5361,380000
5362,480000
5363,500000
5364,420000
5365,130000
5366,110000
5367,120000
5368,700000
5369,550000
5370,190000
5371,665000
5372,445000
5373,340000
5374,270000
5375,1044999
5376,279000
5377,250000
5378,475000
5379,750000
5380,445000
5381,400000
5382,350000
5383,295000
5384,600000
5385,1650000
5386,100000
5387,710000
5388,350000
5389,220000
5390,700000
5391,198000
5392,350000
5393,210000
5394,210000
5395,70000
5396,375000
5397,380000
5398,360000
5399,944999
5400,620000
5401,780000
5402,445000
5403,575000
5404,975000
5405,450000
5406,198000
5407,495000
5408,830000
5409,800000
5410,300000
5411,300000
5412,480000
5413,950000
5414,840000
5415,800000
5416,750000
5417,254999
5418,1859000
5419,655000
5420,210000
5421,466000
5422,624000
5423,580000
5424,430000
5425,155000
5426,240000
5427,540000
5428,250000
5429,260000
5430,550000
5431,550000
5432,370000
5433,125000
5434,200000
5435,720000
5436,700000
5437,500000
5438,125000
5439,690000
5440,1550000
5441,170000
5442,275000
5443,500000
5444,950000
5445,802999
5446,470000
5447,300000
5448,600000
5449,700000
5450,3250000
5451,800000
5452,2200000
5453,245000
5454,310000
5455,245000
5456,450000
5457,850000
5458,325000
5459,1000000
5460,590000
5461,1200000
5462,175000
5463,2175000
5464,1110000
5465,150000
5466,325000
5467,325000
5468,280000
5469,160000
5470,640000
5471,65000
5472,195000
5473,160000
5474,330000
5475,180000
5476,300000
5477,730000
5478,250000
5479,690000
5480,650000
5481,380000
5482,360000
5483,590000
5484,750000
5485,254999
5486,499000
5487,730000
5488,220000
5489,229999
5490,215000
5491,100000
5492,110000
5493,152000
5494,415000
5495,475000
5496,525000
5497,365000
5498,375000
5499,765000
5500,770000
5501,780000
5502,990000
5503,800000
5504,350000
5505,325000
5506,360000
5507,148000
5508,670000
5509,430999
5510,260000
5511,70000
5512,300000
5513,150000
5514,260000
5515,320000
5516,700000
5517,415000
5518,260000
5519,515000
5520,803999
5521,275000
5522,934000
5523,210000
5524,1050000
5525,650000
5526,550000
5527,285000
5528,700000
5529,250000
5530,575000
5531,540000
5532,560000
5533,380000
5534,240000
5535,300000
5536,280000
5537,350000
5538,110000
5539,980000
5540,969999
5541,357000
5542,280000
5543,430000
5544,217000
5545,250000
5546,500000
5547,316000
5548,350000
5549,950000
5550,475000
5551,3200000
5552,600000
5553,430000
5554,965000
5555,700000
5556,250000
5557,500000
5558,420000
5559,290000
5560,750000
5561,300000
5562,250000
5563,100000
5564,550000
5565,341000
5566,600000
5567,650000
5568,75527
5569,500000
5570,475000
5571,65000
5572,425000
5573,150000
5574,225000
5575,190000
5576,100000
5577,400000
5578,1350000
5579,969999
5580,475000
5581,1125000
5582,740000
5583,400000
5584,430000
5585,1132000
5586,352000
5587,252999
5588,80000
5589,313000
5590,380000
5591,350000
5592,600000
5593,160000
5594,125000
5595,290000
5596,650000
5597,380000
5598,75000
5599,132000
5600,110000
5601,390000
5602,70000
5603,70000
5604,1250000
5605,1500000
5606,1150000
5607,655000
5608,890000
5609,525000
5610,675000
5611,745000
5612,835000
5613,725000
5614,620000
5615,58000
5616,350000
5617,400000
5618,400000
5619,1750000
5620,550000
5621,550000
5622,375000
5623,2051000
5624,212000
5625,221000
5626,265000
5627,399000
5628,175000
5629,411000
5630,365000
5631,975000
5632,2575000
5633,145000
5634,200000
5635,1200000
5636,280000
5637,450000
5638,150000
5639,600000
5640,110000
5641,500000
5642,900000
5643,150000
5644,275000
5645,455000
5646,455000
5647,650000
5648,650000
5649,235000
5650,800000
5651,1050000
5652,45000
5653,450000
5654,391000
5655,380000
5656,750000
5657,990000
5658,370000
5659,300000
5660,700000
5661,600000
5662,925000
5663,700000
5664,700000
5665,185000
5666,434999
5667,400000
5668,180000
5669,320000
5670,1689999
5671,340000
5672,200000
5673,869999
5674,869999
5675,200000
5676,800000
5677,1100000
5678,114999
5679,500000
5680,700000
5681,450000
5682,110000
5683,209000
5684,400000
5685,600000
5686,350000
5687,990000
5688,1600000
5689,745000
5690,500000
5691,540000
5692,1850000
5693,600000
5694,690000
5695,630000
5696,640000
5697,5500000
5698,500000
5699,310000
5700,600000
5701,40000
5702,620000
5703,760000
5704,1200000
5705,300000
5706,500000
5707,120000
5708,350000
5709,350000
5710,550000
5711,675000
5712,625000
5713,1220000
5714,475000
5715,530000
5716,300000
5717,1180000
5718,45957
5719,190000
5720,730000
5721,530000
5722,1265000
5723,1025000
5724,130000
5725,1500000
5726,120000
5727,1400000
5728,550000
5729,530000
5730,470000
5731,250000
5732,430000
5733,550000
5734,500000
5735,240000
5736,170000
5737,140000
5738,252000
5739,100000
5740,350000
5741,240000
5742,620000
5743,650000
5744,950000
5745,660000
5746,360000
5747,382000
5748,145000
5749,270000
5750,650000
5751,200000
5752,400000
5753,750000
5754,190000
5755,300000
5756,300000
5757,270000
5758,600000
5759,1200000
5760,195000
5761,35000
5762,100000
5763,220000
5764,320000
5765,240000
5766,275000
5767,275000
5768,450000
5769,310000
5770,432000
5771,770000
5772,135000
5773,680000
5774,90000
5775,300000
5776,120000
5777,750000
5778,525000
5779,526000
5780,599000
5781,500000
5782,750000
5783,325000
5784,575000
5785,245000
5786,625000
5787,580000
5788,1689999
5789,575000
5790,600000
5791,600000
5792,114999
5793,360000
5794,580000
5795,500000
5796,409999
5797,425000
5798,450000
5799,400000
5800,295000
5801,550000
5802,114999
5803,90177
5804,300000
5805,110000
5806,125000
5807,450000
5808,300000
5809,330000
5810,390000
5811,125000
5812,780000
5813,450000
5814,200000
5815,260000
5816,250000
5817,750000
5818,800000
5819,450000
5820,450000
5821,130000
5822,160000
5823,135000
5824,325000
5825,1575000
5826,750000
5827,425000
5828,425000
5829,425000
5830,200000
5831,40000
5832,340000
5833,380000
5834,360000
5835,120000
5836,260000
5837,320000
5838,135000
5839,382000
